{
 "train_gated": [
  2065,
  0.5181598062953995
 ],
 "test_gated": [
  1018,
  0.56286836935167
 ],
 "f_full": 0.06879686438507804,
 "TEST_p51": {
  "flat50": {
   "tw_med": 4316.8530918363385,
   "dd_med": 0.4014856106183233,
   "dd_p95": 0.8757156196415147,
   "p_below_500": 0.032,
   "p_loss": 0.03333333333333333
  },
  "kelly_q": {
   "tw_med": 2758.995364853774,
   "dd_med": 0.2741362842570667,
   "dd_p95": 0.4319006745250647,
   "p_below_500": 0.0,
   "p_loss": 0.023333333333333334
  },
  "kelly_h": {
   "tw_med": 5862.897131493321,
   "dd_med": 0.4929322791866348,
   "dd_p95": 0.7030714743641052,
   "p_below_500": 0.004,
   "p_loss": 0.034666666666666665
  },
  "kelly_f": {
   "tw_med": 11790.82751090404,
   "dd_med": 0.7860876109713157,
   "dd_p95": 0.9443770911788745,
   "p_below_500": 0.056,
   "p_loss": 0.10666666666666667
  }
 },
 "TRAIN_p51": {
  "flat50": {
   "tw_med": -0.003999999999997783,
   "dd_med": 1.0000026073400345,
   "dd_p95": 1.0000040000000001,
   "p_below_500": 0.8706666666666667,
   "p_loss": 0.8906666666666667
  },
  "kelly_q": {
   "tw_med": 396.24690862657025,
   "dd_med": 0.7417179139727421,
   "dd_p95": 0.9046161086935528,
   "p_below_500": 0.6193333333333333,
   "p_loss": 0.908
  },
  "kelly_h": {
   "tw_med": 88.73686455967017,
   "dd_med": 0.9566822688390395,
   "dd_p95": 0.9951555505183515,
   "p_below_500": 0.88,
   "p_loss": 0.954
  },
  "kelly_f": {
   "tw_med": 0.9873114940366128,
   "dd_med": 0.9991676715259171,
   "dd_p95": 0.9997044308438807,
   "p_below_500": 0.988,
   "p_loss": 0.9926666666666667
  }
 }
}