{
 "pm_side_pricing": {
  "down": {
   "n": 18,
   "mean_cost20": 0.5266666666666667,
   "p25": 0.4975,
   "p50": 0.53,
   "p75": 0.5425,
   "avail_le_525": 0.5,
   "won_rate_in_sample": 0.5555555555555556
  },
  "up": {
   "n": 31,
   "mean_cost20": 0.5233870967741935,
   "p25": 0.505,
   "p50": 0.525,
   "p75": 0.56,
   "avail_le_525": 0.5806451612903226,
   "won_rate_in_sample": 0.5161290322580645
  },
  "pooled": {
   "n": 49,
   "mean": 0.524591836734694,
   "p50": 0.525,
   "avail_le_525": 0.5510204081632653
  }
 },
 "ledger_side": {
  "down": {
   "n": 79,
   "wins": 40,
   "q": 0.5063291139240507,
   "entry_mean": 0.5003734177215187,
   "entry_p50": 0.51,
   "pnl_usd": -23.15
  },
  "up": {
   "n": 76,
   "wins": 41,
   "q": 0.5394736842105263,
   "entry_mean": 0.4828526315789474,
   "entry_p50": 0.5,
   "pnl_usd": 367.89
  }
 },
 "ledger_side_cap53": {
  "down": {
   "n": 56,
   "wins": 31,
   "q": 0.5535714285714286,
   "entry_mean": 0.48170892857142844
  },
  "up": {
   "n": 67,
   "wins": 34,
   "q": 0.5074626865671642,
   "entry_mean": 0.4738328358208957
  }
 }
}