{
 "d0_edge_bps": 3.575919499738001,
 "c_buckets": {
  "<1bps": {
   "n": 63,
   "agree": 0.7301587301587301,
   "p_up_actual": 0.5079365079365079,
   "p_up_proxy": 0.5555555555555556,
   "wilson95_actual": [
    0.38762677115387556,
    0.6273339718564653
   ]
  },
  "1-2bps": {
   "n": 73,
   "agree": 1.0,
   "p_up_actual": 0.4657534246575342,
   "p_up_proxy": 0.4657534246575342,
   "wilson95_actual": [
    0.3559185287228166,
    0.5790125502760589
   ]
  },
  "2-4bps": {
   "n": 132,
   "agree": 0.9924242424242424,
   "p_up_actual": 0.5378787878787878,
   "p_up_proxy": 0.5303030303030303,
   "wilson95_actual": [
    0.4529590788257793,
    0.6206560729392175
   ]
  },
  ">=4bps": {
   "n": 595,
   "agree": 1.0,
   "p_up_actual": 0.5058823529411764,
   "p_up_proxy": 0.5058823529411764,
   "wilson95_actual": [
    0.46580036122017854,
    0.5458888734622483
   ]
  }
 },
 "c_d0_actual": {
  "n": 3,
  "p_up": 1.0,
  "wilson95": [
   0.43849391955098227,
   1.0
  ]
 },
 "c_overall": {
  "n": 863,
  "p_up": 0.507531865585168
 },
 "d_p20_D0": {
  "n": 0,
  "quantiles": null
 },
 "d_p20_rest": {
  "n": 216,
  "quantiles": {
   "q10": 0.445,
   "q25": 0.465,
   "q50": 0.495,
   "q75": 0.515,
   "q90": 0.555
  }
 },
 "d_strat_D0": {
  "n": 0
 },
 "d_strat_D0_slip": {
  "n": 0
 },
 "d_strat_D0_2": {
  "n": 19,
  "win_rate": 0.5263157894736842,
  "wilson95_win": [
   0.31707482511825114,
   0.7267049451255145
  ],
  "mean_pnl_per_share": 0.022803223684210516,
  "boot95_pnl": [
   -0.18930203947368426,
   0.23491511842105264
  ],
  "avg_fill": 0.48605263157894735
 },
 "d_strat_D0_2_slip": {
  "n": 19,
  "win_rate": 0.5263157894736842,
  "wilson95_win": [
   0.31707482511825114,
   0.7267049451255145
  ],
  "mean_pnl_per_share": 0.012790697368421021,
  "boot95_pnl": [
   -0.19931235526315788,
   0.22490038157894732
  ],
  "avg_fill": 0.4960526315789474
 },
 "d_strat_all": {
  "n": 168,
  "win_rate": 0.4523809523809524,
  "wilson95_win": [
   0.37901896797822315,
   0.5278720293123049
  ],
  "mean_pnl_per_share": -0.043128724702380924,
  "boot95_pnl": [
   -0.11869496130952385,
   0.029682894345238083
  ],
  "avg_fill": 0.47812499999999986
 },
 "d_sample_decile_counts": {
  "1": 6,
  "2": 16,
  "3": 17,
  "4": 37,
  "5": 31,
  "6": 35,
  "7": 28,
  "8": 33,
  "9": 13
 }
}