{
 "edges_bps": [
  3.575919499738001,
  4.4440756210662995,
  5.251944039457366,
  6.024153044344423,
  7.083496754211967,
  8.40414659986061,
  10.064213521479678,
  12.075785566591426,
  15.958547305605792
 ],
 "gaps": 0,
 "n_usable": 17268,
 "exact_ties": 9,
 "sessions": {
  "Asia(00-08utc)": {
   "n": 5760,
   "lt1bps": 0.10694444444444444,
   "lt2bps": 0.2203125
  },
  "EU(08-16utc)": {
   "n": 5748,
   "lt1bps": 0.09237995824634655,
   "lt2bps": 0.18615170494084898
  },
  "US(16-24utc)": {
   "n": 5760,
   "lt1bps": 0.10052083333333334,
   "lt2bps": 0.20607638888888888
  }
 },
 "deciles": {
  "0": {
   "n": 1468,
   "lt1bps": 0.17643051771117166,
   "lt2bps": 0.3630790190735695
  },
  "1": {
   "n": 1496,
   "lt1bps": 0.142379679144385,
   "lt2bps": 0.3108288770053476
  },
  "2": {
   "n": 1642,
   "lt1bps": 0.13763702801461633,
   "lt2bps": 0.2570036540803898
  },
  "3": {
   "n": 1702,
   "lt1bps": 0.11927144535840188,
   "lt2bps": 0.24206815511163338
  },
  "4": {
   "n": 1922,
   "lt1bps": 0.1149843912591051,
   "lt2bps": 0.2372528616024974
  },
  "5": {
   "n": 2010,
   "lt1bps": 0.07860696517412935,
   "lt2bps": 0.1761194029850746
  },
  "6": {
   "n": 1921,
   "lt1bps": 0.08693388859968766,
   "lt2bps": 0.1691827173347215
  },
  "7": {
   "n": 1679,
   "lt1bps": 0.07027992852888625,
   "lt2bps": 0.13877307921381773
  },
  "8": {
   "n": 1751,
   "lt1bps": 0.059394631639063396,
   "lt2bps": 0.11307824100513993
  },
  "9": {
   "n": 1677,
   "lt1bps": 0.03398926654740608,
   "lt2bps": 0.0763267740011926
  }
 },
 "p_up": {
  "0": {
   "train": {
    "n": 1151,
    "p_up": 0.5143353605560382,
    "boot_p_gt_half": 0.17025,
    "ci": [
     0.4854732895970009,
     0.5428571428571428
    ]
   },
   "test": {
    "n": 317,
    "p_up": 0.47003154574132494,
    "boot_p_gt_half": 0.8365,
    "ci": [
     0.4143646408839779,
     0.5310344827586206
    ]
   }
  },
  "1": {
   "train": {
    "n": 1151,
    "p_up": 0.4917463075586447,
    "boot_p_gt_half": 0.72375,
    "ci": [
     0.4651567944250871,
     0.5185185185185185
    ]
   },
   "test": {
    "n": 345,
    "p_up": 0.5072463768115942,
    "boot_p_gt_half": 0.41775,
    "ci": [
     0.4520123839009288,
     0.5648414985590778
    ]
   }
  },
  "2": {
   "train": {
    "n": 1151,
    "p_up": 0.5065160729800173,
    "boot_p_gt_half": 0.34075,
    "ci": [
     0.4747292418772563,
     0.5369127516778524
    ]
   },
   "test": {
    "n": 491,
    "p_up": 0.4908350305498982,
    "boot_p_gt_half": 0.6595,
    "ci": [
     0.44785276073619634,
     0.5323275862068966
    ]
   }
  },
  "3": {
   "train": {
    "n": 1151,
    "p_up": 0.4943527367506516,
    "boot_p_gt_half": 0.65725,
    "ci": [
     0.4673321234119782,
     0.5212858384013901
    ]
   },
   "test": {
    "n": 551,
    "p_up": 0.5172413793103449,
    "boot_p_gt_half": 0.19575,
    "ci": [
     0.47735191637630664,
     0.5538194444444444
    ]
   }
  },
  "4": {
   "train": {
    "n": 1152,
    "p_up": 0.5295138888888888,
    "boot_p_gt_half": 0.0235,
    "ci": [
     0.5004382120946538,
     0.5580159433126661
    ]
   },
   "test": {
    "n": 770,
    "p_up": 0.5285714285714286,
    "boot_p_gt_half": 0.056,
    "ci": [
     0.4942233632862644,
     0.5640686922060766
    ]
   }
  },
  "5": {
   "train": {
    "n": 1151,
    "p_up": 0.4613379669852302,
    "boot_p_gt_half": 0.996,
    "ci": [
     0.4321398834304746,
     0.4897959183673469
    ]
   },
   "test": {
    "n": 859,
    "p_up": 0.47497089639115253,
    "boot_p_gt_half": 0.9375,
    "ci": [
     0.442371020856202,
     0.5070257611241218
    ]
   }
  },
  "6": {
   "train": {
    "n": 1151,
    "p_up": 0.5013032145960035,
    "boot_p_gt_half": 0.46525,
    "ci": [
     0.4717285945072698,
     0.5292598967297762
    ]
   },
   "test": {
    "n": 770,
    "p_up": 0.4675324675324675,
    "boot_p_gt_half": 0.96325,
    "ci": [
     0.4321148825065274,
     0.5032938076416338
    ]
   }
  },
  "7": {
   "train": {
    "n": 1151,
    "p_up": 0.48653344917463076,
    "boot_p_gt_half": 0.8475,
    "ci": [
     0.4592973436161097,
     0.513051305130513
    ]
   },
   "test": {
    "n": 528,
    "p_up": 0.5208333333333334,
    "boot_p_gt_half": 0.16725,
    "ci": [
     0.4782608695652174,
     0.5603112840466926
    ]
   }
  },
  "8": {
   "train": {
    "n": 1151,
    "p_up": 0.5030408340573415,
    "boot_p_gt_half": 0.424,
    "ci": [
     0.47560975609756095,
     0.5311447811447811
    ]
   },
   "test": {
    "n": 600,
    "p_up": 0.4816666666666667,
    "boot_p_gt_half": 0.83725,
    "ci": [
     0.4449838187702265,
     0.52
    ]
   }
  },
  "9": {
   "train": {
    "n": 1152,
    "p_up": 0.4817708333333333,
    "boot_p_gt_half": 0.897,
    "ci": [
     0.4534986713906112,
     0.5098743267504489
    ]
   },
   "test": {
    "n": 525,
    "p_up": 0.5085714285714286,
    "boot_p_gt_half": 0.35025,
    "ci": [
     0.46680080482897385,
     0.5497287522603979
    ]
   }
  }
 },
 "grid_lt2bps": {
  "Asia(00-08utc)": [
   0.3696,
   0.3124,
   0.2678,
   0.2679,
   0.2485,
   0.1704,
   0.1756,
   0.157,
   0.1209,
   0.0584
  ],
  "EU(08-16utc)": [
   0.332,
   0.3084,
   0.2418,
   0.2261,
   0.2323,
   0.1752,
   0.1387,
   0.1087,
   0.1006,
   0.0716
  ],
  "US(16-24utc)": [
   0.3901,
   0.3118,
   0.2611,
   0.2287,
   0.2298,
   0.1829,
   0.1869,
   0.15,
   0.1227,
   0.095
  ]
 },
 "pup_realized_flat": {
  "<1bps_full": {
   "n": 1726,
   "p_up": 0.5214368482039398
  },
  "<1bps_train": {
   "n": 1160,
   "p_up": 0.525
  },
  "<1bps_test": {
   "n": 566,
   "p_up": 0.5141342756183745
  },
  "<2bps_full": {
   "n": 3526,
   "p_up": 0.5204197390811117
  },
  "<2bps_train": {
   "n": 2387,
   "p_up": 0.5236698785085881
  },
  "<2bps_test": {
   "n": 1139,
   "p_up": 0.5136084284460053
  }
 }
}