{
 "e1": {
  "n": 63,
  "proxyUp_actualDown": 10,
  "proxyDown_actualUp": 7
 },
 "e1_tiny": {
  "n": 18,
  "actual_up": 8
 },
 "e2_train": {
  "n": 3453,
  "p_up": 0.5041992470315667,
  "boot_p": 0.31875,
  "ci": [
   0.4869125520523498,
   0.5213216605478679
  ]
 },
 "e2_test": {
  "n": 1153,
  "p_up": 0.4900260190806591,
  "boot_p": 0.75775,
  "ci": [
   0.4630281690140845,
   0.5186125211505922
  ]
 },
 "e3_Asia": {
  "n": 376,
  "p_up": 0.4734042553191489
 },
 "e3_EU": {
  "n": 431,
  "p_up": 0.46867749419953597
 },
 "e3_US": {
  "n": 346,
  "p_up": 0.5346820809248555
 }
}