{
 "up_minus_p20_TRAIN": {
  "mean": -0.06201388888888894,
  "p": 0.181,
  "ci": [
   -0.1547222222222223,
   0.0270890410958904
  ],
  "n": 144
 },
 "up_minus_p20_TEST": {
  "mean": 0.08423611111111112,
  "p": 0.0665,
  "ci": [
   -0.006933333333333341,
   0.17401515151515148
  ],
  "n": 72
 },
 "up_rate_all": {
  "mean": 0.507531865585168,
  "p": 0.675,
  "ci": [
   0.4771689497716895,
   0.540045766590389
  ],
  "n": 863
 },
 "flat_up_rate_thr4.0_TRAIN": {
  "mean": 0.524390243902439,
  "p": 0.514,
  "ci": [
   0.45695364238410596,
   0.5911949685534591
  ],
  "n": 164
 },
 "flat_up_rate_thr4.0_TEST": {
  "mean": 0.5769230769230769,
  "p": 0.055,
  "ci": [
   0.5,
   0.6534653465346535
  ],
  "n": 104
 },
 "flat_up_rate_thr4.0_ALL": {
  "mean": 0.5447761194029851,
  "p": 0.092,
  "ci": [
   0.49236641221374045,
   0.5947712418300654
  ],
  "n": 268
 },
 "flat_up_rate_thr8.0_TRAIN": {
  "mean": 0.5245901639344263,
  "p": 0.302,
  "ci": [
   0.4798657718120805,
   0.5691823899371069
  ],
  "n": 305
 },
 "flat_up_rate_thr8.0_TEST": {
  "mean": 0.5401069518716578,
  "p": 0.1825,
  "ci": [
   0.4816753926701571,
   0.6
  ],
  "n": 187
 },
 "flat_up_rate_thr8.0_ALL": {
  "mean": 0.5304878048780488,
  "p": 0.091,
  "ci": [
   0.4959839357429719,
   0.5665322580645161
  ],
  "n": 492
 },
 "flat_up_rate_thr12.0_TRAIN": {
  "mean": 0.5238095238095238,
  "p": 0.3445,
  "ci": [
   0.4792176039119804,
   0.5735294117647058
  ],
  "n": 420
 },
 "flat_up_rate_thr12.0_TEST": {
  "mean": 0.5043859649122807,
  "p": 0.897,
  "ci": [
   0.4429223744292237,
   0.5652173913043478
  ],
  "n": 228
 },
 "flat_up_rate_thr12.0_ALL": {
  "mean": 0.5169753086419753,
  "p": 0.384,
  "ci": [
   0.47955974842767296,
   0.553680981595092
  ],
  "n": 648
 },
 "flat_book_thr4.0": {
  "n": 64,
  "mean_p20": 0.4903906250000002,
  "up_rate": 0.5625,
  "edge": 0.072109375,
  "p": 0.1835
 },
 "flat_book_thr8.0": {
  "n": 122,
  "mean_p20": 0.491106557377049,
  "up_rate": 0.5327868852459017,
  "edge": 0.041680327868852465,
  "p": 0.3175
 },
 "near50_TRAIN": {
  "n": 111,
  "up_rate": 0.4144144144144144,
  "edge": -0.08292792792792793,
  "p": 0.116
 },
 "near50_TEST": {
  "n": 57,
  "up_rate": 0.5964912280701754,
  "edge": 0.10210526315789477,
  "p": 0.0615
 },
 "near50_ALL": {
  "n": 168,
  "up_rate": 0.47619047619047616,
  "edge": -0.020148809523809492,
  "p": 0.6245
 },
 "cb60d": {
  "n": 17280,
  "p_up": 0.49658564814814815,
  "sub2bps": 0.20422453703703702,
  "ties": 9
 }
}