{
 "lag": {
  "1_TRAIN": [
   [
    0.5077051228654728,
    2401
   ],
   [
    0.5054997608799617,
    2091
   ],
   [
    0.5058953574060427,
    2714
   ],
   [
    0.512371756185878,
    1657
   ],
   [
    0.5264200792602378,
    1514
   ],
   [
    0.5180616740088105,
    1135
   ]
  ],
  "1_TEST": [
   [
    0.4942932396839333,
    1139
   ],
   [
    0.516506922257721,
    939
   ],
   [
    0.5231316725978647,
    1405
   ],
   [
    0.5022271714922049,
    898
   ],
   [
    0.5459119496855346,
    795
   ],
   [
    0.5647668393782384,
    579
   ]
  ],
  "2_TRAIN": [
   [
    0.5035401915868388,
    2401
   ],
   [
    0.5062200956937799,
    2090
   ],
   [
    0.5018422991893884,
    2714
   ],
   [
    0.4930597465298733,
    1657
   ],
   [
    0.5165125495376486,
    1514
   ],
   [
    0.5268722466960353,
    1135
   ]
  ],
  "2_TEST": [
   [
    0.48242530755711777,
    1138
   ],
   [
    0.49361702127659574,
    940
   ],
   [
    0.5039145907473309,
    1405
   ],
   [
    0.4799554565701559,
    898
   ],
   [
    0.4918238993710692,
    795
   ],
   [
    0.4835924006908463,
    579
   ]
  ],
  "3_TRAIN": [
   [
    0.48854643898375677,
    2401
   ],
   [
    0.4942583732057416,
    2090
   ],
   [
    0.5101363803907114,
    2713
   ],
   [
    0.49909474954737476,
    1657
   ],
   [
    0.5079260237780714,
    1514
   ],
   [
    0.5251101321585903,
    1135
   ]
  ],
  "3_TEST": [
   [
    0.5184534270650264,
    1138
   ],
   [
    0.5356762513312034,
    939
   ],
   [
    0.4957325746799431,
    1406
   ],
   [
    0.49665924276169265,
    898
   ],
   [
    0.5094339622641509,
    795
   ],
   [
    0.540587219343696,
    579
   ]
  ],
  "4_TRAIN": [
   [
    0.5118700541441066,
    2401
   ],
   [
    0.5021541407371948,
    2089
   ],
   [
    0.5009214891264283,
    2713
   ],
   [
    0.48340374170187084,
    1657
   ],
   [
    0.5145310435931307,
    1514
   ],
   [
    0.5136563876651983,
    1135
   ]
  ],
  "4_TEST": [
   [
    0.5210896309314587,
    1138
   ],
   [
    0.5180851063829788,
    940
   ],
   [
    0.49359886201991465,
    1406
   ],
   [
    0.48606465997770343,
    897
   ],
   [
    0.5157232704402516,
    795
   ],
   [
    0.48877374784110533,
    579
   ]
  ],
  "5_TRAIN": [
   [
    0.5029166666666667,
    2400
   ],
   [
    0.5126854954523695,
    2089
   ],
   [
    0.5020272760781422,
    2713
   ],
   [
    0.5147857573928787,
    1657
   ],
   [
    0.4960369881109643,
    1514
   ],
   [
    0.5066079295154186,
    1135
   ]
  ],
  "5_TEST": [
   [
    0.4863915715539947,
    1139
   ],
   [
    0.4994675186368477,
    939
   ],
   [
    0.5035561877667141,
    1406
   ],
   [
    0.4972129319955407,
    897
   ],
   [
    0.5207547169811321,
    795
   ],
   [
    0.5181347150259067,
    579
   ]
  ],
  "6_TRAIN": [
   [
    0.4870833333333333,
    2400
   ],
   [
    0.5069411201531834,
    2089
   ],
   [
    0.4885693215339233,
    2712
   ],
   [
    0.48340374170187084,
    1657
   ],
   [
    0.5079260237780714,
    1514
   ],
   [
    0.5066079295154186,
    1135
   ]
  ],
  "6_TEST": [
   [
    0.5162423178226514,
    1139
   ],
   [
    0.48720682302771856,
    938
   ],
   [
    0.5145700071073206,
    1407
   ],
   [
    0.4816053511705686,
    897
   ],
   [
    0.5031446540880503,
    795
   ],
   [
    0.48186528497409326,
    579
   ]
  ]
 },
 "runs": {
  "2_TRAIN": [
   0.48762886597938143,
   2910,
   [
    [
     0.4946902654867257,
     1130
    ],
    [
     0.49504950495049505,
     707
    ],
    [
     0.5037593984962406,
     399
    ],
    [
     0.45845697329376855,
     674
    ]
   ]
  ],
  "2_TEST": [
   0.4978723404255319,
   1410,
   [
    [
     0.523719165085389,
     527
    ],
    [
     0.5029585798816568,
     338
    ],
    [
     0.5047169811320755,
     212
    ],
    [
     0.44744744744744747,
     333
    ]
   ]
  ],
  "3_TRAIN": [
   0.4672765657987333,
   1421,
   [
    [
     0.4807692307692308,
     572
    ],
    [
     0.48742138364779874,
     318
    ],
    [
     0.3842364532019704,
     203
    ],
    [
     0.47560975609756095,
     328
    ]
   ]
  ],
  "3_TEST": [
   0.5092989985693849,
   699,
   [
    [
     0.49206349206349204,
     252
    ],
    [
     0.5059523809523809,
     168
    ],
    [
     0.5728155339805825,
     103
    ],
    [
     0.5,
     176
    ]
   ]
  ],
  "4_TRAIN": [
   0.48942598187311176,
   662,
   [
    [
     0.46511627906976744,
     258
    ],
    [
     0.5033112582781457,
     151
    ],
    [
     0.49,
     100
    ],
    [
     0.5163398692810458,
     153
    ]
   ]
  ],
  "4_TEST": [
   0.4425770308123249,
   357,
   [
    [
     0.5076923076923077,
     130
    ],
    [
     0.44565217391304346,
     92
    ],
    [
     0.37254901960784315,
     51
    ],
    [
     0.38095238095238093,
     84
    ]
   ]
  ],
  "5_TRAIN": [
   0.5246913580246914,
   324,
   [
    [
     0.5040650406504065,
     123
    ],
    [
     0.618421052631579,
     76
    ],
    [
     0.4878048780487805,
     41
    ],
    [
     0.4880952380952381,
     84
    ]
   ]
  ],
  "5_TEST": [
   0.44025157232704404,
   159,
   [
    [
     0.4716981132075472,
     53
    ],
    [
     0.39473684210526316,
     38
    ],
    [
     0.625,
     16
    ],
    [
     0.38461538461538464,
     52
    ]
   ]
  ]
 }
}