{
 "late": {
  "cuts": [
   0.14918339156578067,
   0.3296518284059382
  ],
  "train_diff": 0.0028254727233210097,
  "train_p": 0.946,
  "test_diff": -0.05837380823889182
 },
 "slate": {
  "cuts": [
   0.03225806451607843,
   0.28460417678486766
  ],
  "train_diff": 0.03075418387307105,
  "train_p": 0.49933333333333335,
  "test_diff": -0.1793770139634801
 },
 "wick": {
  "cuts": [
   1.2242895805141714,
   1.5087449775467416
  ],
  "train_diff": -0.029884807650510714,
  "train_p": 0.5276666666666666,
  "test_diff": 0.013283639143730874
 },
 "volsp": {
  "cuts": [
   0.8071495878603897,
   1.3860066257202739
  ],
  "train_diff": -0.04533630620587148,
  "train_p": 0.3313333333333333,
  "test_diff": 0.02436349392871129
 }
}