{
 "late": {
  "q1": 0.15389339767493834,
  "q2": 0.3712272683994896,
  "train_diff": -0.02967981092981098,
  "train_p": 0.402,
  "test_diff": -0.029210819854991632,
  "test_n": [
   176,
   163
  ]
 },
 "wick": {
  "q1": 1.2571540572324655,
  "q2": 1.6278954539825612,
  "train_diff": 0.018672299922299906,
  "train_p": 0.604,
  "test_diff": 0.058403805496828776,
  "test_n": [
   176,
   172
  ]
 },
 "volsp": {
  "q1": 0.7020802151176302,
  "q2": 1.2488315665410858,
  "train_diff": 0.013358225495712084,
  "train_p": 0.727,
  "test_diff": 0.006628787878787956,
  "test_n": [
   165,
   192
  ]
 }
}