{
 "spec": {
  "train_end_idx": 11520,
  "n_candles": 17280,
  "fold_candles": 2880
 },
 "q_table": {
  "12-16": {
   "full_n": 1455,
   "full_q": 0.5326460481099656,
   "train_n": 966,
   "train_q": 0.5227743271221532,
   "test_n": 489,
   "test_q": 0.5521472392638037,
   "train_boot": {
    "p_le_half": 0.074,
    "ci90": [
     0.4975,
     0.549
    ]
   },
   "test_boot": {
    "p_le_half": 0.0135,
    "ci90": [
     0.5143,
     0.5872
    ]
   },
   "folds": [
    [
     190,
     0.6052631578947368
    ],
    [
     194,
     0.520618556701031
    ],
    [
     333,
     0.4954954954954955
    ],
    [
     249,
     0.4979919678714859
    ],
    [
     233,
     0.5321888412017167
    ],
    [
     256,
     0.5703125
    ]
   ]
  },
  "16-20": {
   "full_n": 854,
   "full_q": 0.5339578454332553,
   "train_n": 548,
   "train_q": 0.5328467153284672,
   "test_n": 306,
   "test_q": 0.5359477124183006,
   "train_boot": {
    "p_le_half": 0.0695,
    "ci90": [
     0.4973,
     0.5683
    ]
   },
   "test_boot": {
    "p_le_half": 0.1005,
    "ci90": [
     0.4887,
     0.5825
    ]
   },
   "folds": [
    [
     90,
     0.4888888888888889
    ],
    [
     79,
     0.43037974683544306
    ],
    [
     260,
     0.5538461538461539
    ],
    [
     119,
     0.5882352941176471
    ],
    [
     143,
     0.4825174825174825
    ],
    [
     163,
     0.5828220858895705
    ]
   ]
  },
  "20-25": {
   "full_n": 655,
   "full_q": 0.5450381679389313,
   "train_n": 420,
   "train_q": 0.530952380952381,
   "test_n": 235,
   "test_q": 0.5702127659574469,
   "train_boot": {
    "p_le_half": 0.1125,
    "ci90": [
     0.4893,
     0.5735
    ]
   },
   "test_boot": {
    "p_le_half": 0.0175,
    "ci90": [
     0.5165,
     0.6245
    ]
   },
   "folds": [
    [
     51,
     0.5882352941176471
    ],
    [
     51,
     0.5098039215686274
    ],
    [
     205,
     0.47317073170731705
    ],
    [
     113,
     0.6194690265486725
    ],
    [
     115,
     0.5304347826086957
    ],
    [
     120,
     0.6083333333333333
    ]
   ]
  },
  "25+": {
   "full_n": 1059,
   "full_q": 0.5269121813031161,
   "train_n": 715,
   "train_q": 0.5104895104895105,
   "test_n": 344,
   "test_q": 0.561046511627907,
   "train_boot": {
    "p_le_half": 0.29,
    "ci90": [
     0.48,
     0.5417
    ]
   },
   "test_boot": {
    "p_le_half": 0.009,
    "ci90": [
     0.5199,
     0.6067
    ]
   },
   "folds": [
    [
     73,
     0.5753424657534246
    ],
    [
     72,
     0.3888888888888889
    ],
    [
     426,
     0.5023474178403756
    ],
    [
     144,
     0.5625
    ],
    [
     211,
     0.5592417061611374
    ],
    [
     133,
     0.5639097744360902
    ]
   ]
  },
  "12-20": {
   "full_n": 2309,
   "full_q": 0.5331312256388047,
   "train_n": 1514,
   "train_q": 0.5264200792602378,
   "test_n": 795,
   "test_q": 0.5459119496855346,
   "train_boot": {
    "p_le_half": 0.027,
    "ci90": [
     0.5053,
     0.5469
    ]
   },
   "test_boot": {
    "p_le_half": 0.0045,
    "ci90": [
     0.5174,
     0.5748
    ]
   },
   "folds": [
    [
     280,
     0.5678571428571428
    ],
    [
     273,
     0.4945054945054945
    ],
    [
     593,
     0.521079258010118
    ],
    [
     368,
     0.5271739130434783
    ],
    [
     376,
     0.5132978723404256
    ],
    [
     419,
     0.5751789976133651
    ]
   ]
  },
  "20+": {
   "full_n": 1714,
   "full_q": 0.5338389731621938,
   "train_n": 1135,
   "train_q": 0.5180616740088105,
   "test_n": 579,
   "test_q": 0.5647668393782384,
   "train_boot": {
    "p_le_half": 0.1185,
    "ci90": [
     0.4922,
     0.5422
    ]
   },
   "test_boot": {
    "p_le_half": 0.001,
    "ci90": [
     0.5329,
     0.5975
    ]
   },
   "folds": [
    [
     124,
     0.5806451612903226
    ],
    [
     123,
     0.43902439024390244
    ],
    [
     631,
     0.4928684627575277
    ],
    [
     257,
     0.5875486381322957
    ],
    [
     326,
     0.549079754601227
    ],
    [
     253,
     0.5849802371541502
    ]
   ]
  },
  "all12": {
   "full_n": 4023,
   "full_q": 0.5334327616206811,
   "train_n": 2649,
   "train_q": 0.5228388070970177,
   "test_n": 1374,
   "test_q": 0.5538573508005823,
   "train_boot": {
    "p_le_half": 0.01,
    "ci90": [
     0.5068,
     0.5389
    ]
   },
   "test_boot": {
    "p_le_half": 0.0,
    "ci90": [
     0.5333,
     0.5751
    ]
   },
   "folds": [
    [
     404,
     0.5717821782178217
    ],
    [
     396,
     0.4772727272727273
    ],
    [
     1224,
     0.5065359477124183
    ],
    [
     625,
     0.552
    ],
    [
     702,
     0.5299145299145299
    ],
    [
     672,
     0.5788690476190477
    ]
   ]
  }
 },
 "pm_fills": {
  "overall_cens_mean": 0.4991,
  "buckets": {
   "12-16": {
    "n": 21,
    "mean_cost": 0.5236,
    "med_cost": 0.515,
    "avail_le53": 0.571,
    "cens_mean": 0.4917,
    "cens_offset_vs_all": -0.0074
   },
   "16-20": {
    "n": 11,
    "mean_cost": 0.545,
    "med_cost": 0.5449999999999999,
    "avail_le53": 0.364,
    "cens_mean": 0.515,
    "cens_offset_vs_all": 0.0159
   },
   "20-25": {
    "n": 9,
    "mean_cost": 0.5361,
    "med_cost": 0.535,
    "avail_le53": 0.444,
    "cens_mean": 0.51,
    "cens_offset_vs_all": 0.0109
   },
   "25+": {
    "n": 8,
    "mean_cost": 0.5475,
    "med_cost": 0.5549999999999999,
    "avail_le53": 0.25,
    "cens_mean": 0.49,
    "cens_offset_vs_all": -0.0091
   },
   "12-20": {
    "n": 32,
    "mean_cost": 0.5309,
    "med_cost": 0.535,
    "avail_le53": 0.5,
    "cens_mean": 0.4975,
    "cens_offset_vs_all": -0.0016
   },
   "20+": {
    "n": 17,
    "mean_cost": 0.5415,
    "med_cost": 0.5449999999999999,
    "avail_le53": 0.353,
    "cens_mean": 0.5033,
    "cens_offset_vs_all": 0.0042
   }
  }
 },
 "ledger_fills": {
  "overall_cens_mean": 0.4761,
  "buckets": {
   "12-16": {
    "n": 59,
    "n_cens": 47,
    "mean_entry": 0.4754,
    "cens_mean": 0.457,
    "cens_offset_vs_all": -0.0191,
    "q_led": 0.4237
   },
   "16-20": {
    "n": 33,
    "n_cens": 26,
    "mean_entry": 0.5112,
    "cens_mean": 0.5015,
    "cens_offset_vs_all": 0.0254,
    "q_led": 0.5152
   },
   "20-25": {
    "n": 24,
    "n_cens": 19,
    "mean_entry": 0.4927,
    "cens_mean": 0.4789,
    "cens_offset_vs_all": 0.0029,
    "q_led": 0.6667
   },
   "25+": {
    "n": 27,
    "n_cens": 21,
    "mean_entry": 0.4985,
    "cens_mean": 0.4848,
    "cens_offset_vs_all": 0.0087,
    "q_led": 0.4815
   },
   "12-20": {
    "n": 92,
    "n_cens": 73,
    "mean_entry": 0.4882,
    "cens_mean": 0.4729,
    "cens_offset_vs_all": -0.0032,
    "q_led": 0.4565
   },
   "20+": {
    "n": 51,
    "n_cens": 40,
    "mean_entry": 0.4958,
    "cens_mean": 0.482,
    "cens_offset_vs_all": 0.0059,
    "q_led": 0.5686
   },
   "<12": {
    "n": 12,
    "n_cens": 10,
    "mean_entry": 0.502,
    "cens_mean": 0.4924,
    "cens_offset_vs_all": 0.0163,
    "q_led": 0.8333
   }
  }
 },
 "bucket_fills": {
  "12-16": {
   "offset": -0.0191,
   "fill": 0.4583,
   "src": "ledger"
  },
  "16-20": {
   "offset": 0.0254,
   "fill": 0.5028,
   "src": "ledger"
  },
  "20-25": {
   "offset": 0.0029,
   "fill": 0.4803,
   "src": "ledger"
  },
  "25+": {
   "offset": 0.0087,
   "fill": 0.4861,
   "src": "ledger"
  }
 },
 "books": {
  "all12": {
   "train": {
    "bump0c": {
     "n": 2649,
     "net_share": 0.0269,
     "total": 71.24
    },
    "bump1c": {
     "n": 2649,
     "net_share": 0.0169,
     "total": 44.69
    },
    "bump2c": {
     "n": 2649,
     "net_share": 0.0069,
     "total": 18.18
    }
   },
   "test": {
    "bump0c": {
     "n": 1374,
     "net_share": 0.0575,
     "total": 78.97
    },
    "bump1c": {
     "n": 1374,
     "net_share": 0.0475,
     "total": 65.2
    },
    "bump2c": {
     "n": 1374,
     "net_share": 0.0374,
     "total": 51.45
    }
   },
   "full": {
    "bump0c": {
     "n": 4023,
     "net_share": 0.0373,
     "total": 150.21
    },
    "bump1c": {
     "n": 4023,
     "net_share": 0.0273,