{
 "n_test": 1374,
 "q_test": 0.5538573508005823,
 "n_train": 2649,
 "q_train": 0.5228388070970177
}