{
 "fold_5d": {
  "n_test": 721,
  "model_brier": 0.246689,
  "spec_brier": 0.246209,
  "improve_mean": -0.00048,
  "ci95": [
   -0.001616,
   0.000768
  ]
 },
 "fold_20d": {
  "n_test": 721,
  "model_brier": 0.247704,
  "spec_brier": 0.246209,
  "improve_mean": -0.001494,
  "ci95": [
   -0.00313,
   0.000226
  ]
 }
}