{
 "rev_all_lt50": {
  "n": 170,
  "wr": 0.4824,
  "mean_entry": 0.4297,
  "ev_c": 3.57,
  "ci_c": [
   -8.62,
   14.81
  ],
  "p_le_0": 0.26525,
  "blocks": 40
 },
 "rev_all_ge50": {
  "n": 216,
  "wr": 0.4491,
  "mean_entry": 0.5238,
  "ev_c": -9.22,
  "ci_c": [
   -20.07,
   1.83
  ],
  "p_le_0": 0.94975,
  "blocks": 48
 },
 "rev_all_lt45": {
  "n": 90,
  "wr": 0.4222,
  "mean_entry": 0.3898,
  "ev_c": 1.59,
  "ci_c": [
   -11.52,
   14.98
  ],
  "p_le_0": 0.4035,
  "blocks": 27
 },
 "rev_all_45_50": {
  "n": 80,
  "wr": 0.55,
  "mean_entry": 0.4746,
  "ev_c": 5.79,
  "ci_c": [
   -14.83,
   25.78
  ],
  "p_le_0": 0.27425,
  "blocks": 24
 },
 "rev_all_50_55": {
  "n": 180,
  "wr": 0.4167,
  "mean_entry": 0.5185,
  "ev_c": -11.93,
  "ci_c": [
   -24.21,
   1.0
  ],
  "p_le_0": 0.968,
  "blocks": 44
 },
 "rev_v3_lt50": {
  "n": 97,
  "wr": 0.4536,
  "mean_entry": 0.4241,
  "ev_c": 1.27,
  "ci_c": [
   -18.04,
   16.04
  ],
  "p_le_0": 0.44925,
  "blocks": 17
 },
 "rev_v3_ge50": {
  "n": 103,
  "wr": 0.4466,
  "mean_entry": 0.521,
  "ev_c": -9.19,
  "ci_c": [
   -22.87,
   5.37
  ],
  "p_le_0": 0.897,
  "blocks": 20
 },
 "rev_pre_v3_lt50": {
  "n": 73,
  "wr": 0.5205,
  "mean_entry": 0.4372,
  "ev_c": 6.63,
  "ci_c": [
   -10.83,
   24.76
  ],
  "p_le_0": 0.227,
  "blocks": 23
 },
 "rev_pre_v3_ge50": {
  "n": 113,
  "wr": 0.4513,
  "mean_entry": 0.5263,
  "ev_c": -9.24,
  "ci_c": [
   -25.82,
   6.89
  ],
  "p_le_0": 0.8695,
  "blocks": 28
 },
 "diff_lt50_minus_ge50_all": {
  "diff": 0.1279,
  "lo95": -0.0456,
  "hi95": 0.2869,
  "p_le_0": 0.071,
  "n_a": 170,
  "n_b": 216,
  "blocks": 56
 }
}