{
 "boot_q": {
  "q": 0.56286836935167,
  "n": 1018,
  "p_below_hurdle": 0.008,
  "ci95": [
   0.5338827838827839,
   0.5918560606060606
  ]
 },
 "caps_livefreq": {
  "none": {
   "mean": -240.9522125188445,
   "med": -242.31668835795026,
   "p5": -1361.088614605312,
   "medDD": 785.7723195947627,
   "p95DD": 1588.0324425158221,
   "trd": 5.736460526315789,
   "ev_cost": 1.1102230246251565e-14,
   "dd_red": 0.0
  },
  "L150": {
   "mean": 70.51930820058061,
   "med": 55.51118872098778,
   "p5": -829.7285408526757,
   "medDD": 552.2401229210626,
   "p95DD": 1059.6962581342318,
   "trd": 5.207986842105264,
   "ev_cost": 129.26692702399046,
   "dd_red": 29.720084412509852
  },
  "L100": {
   "mean": 85.98969730737697,
   "med": 68.14733622626346,
   "p5": -761.8683810552932,
   "medDD": 512.6761475052755,
   "p95DD": 972.3244056395066,
   "trd": 4.890526315789474,
   "ev_cost": 135.6874487303792,
   "dd_red": 34.755127570582786
  },
  "L50": {
   "mean": -53.54109005512487,
   "med": -96.15634417897455,
   "p5": -786.600086044744,
   "medDD": 507.4561352131686,
   "p95DD": 881.3880737526375,
   "trd": 3.051789473684211,
   "ev_cost": 77.77937396987484,
   "dd_red": 35.41944370414154
  },
  "N6": {
   "mean": -102.5433187026022,
   "med": -100.54859002109917,
   "p5": -1119.312516268455,
   "medDD": 626.1480614605312,
   "p95DD": 1349.2802335500182,
   "trd": 4.788736842105263,
   "ev_cost": 57.442466441522114,
   "dd_red": 20.31431422992257
  },
  "N3": {
   "mean": -331.0091970978562,
   "med": -325.29629501055,
   "p5": -938.8082089658066,
   "medDD": 538.7762089658058,
   "p95DD": 1031.4000737526378,
   "trd": 2.7354473684210525,
   "ev_cost": -37.37545450924982,
   "dd_red": 31.433546902789523
  }
 }
}