{
 "none": {
  "mean": 345.8053684475895,
  "med": 344.2673976867942,
  "p5": -442.33268835795127,
  "medDD": 407.44813521316854,
  "p95DD": 817.9201597973813,
  "trd": 5.0428412698412695,
  "ev_cost": 1.7763568394002505e-13,
  "dd_red": 0.0
 },
 "L150": {
  "mean": 321.737171180725,
  "med": 323.3873485183696,
  "p5": -448.3804671000368,
  "medDD": 391.7880983368498,
  "p95DD": 780.5523073026558,
  "trd": 4.678515873015873,
  "ev_cost": 6.960041532875416,
  "dd_red": 3.8434430110045104
 },
 "L100": {
  "mean": 281.6260833514067,
  "med": 268.1633362262627,
  "p5": -445.35657772899435,
  "medDD": 370.9080491684249,
  "p95DD": 728.3521843815936,
  "trd": 4.113293650793651,
  "ev_cost": 18.559366323403502,
  "dd_red": 8.968033692343846
 },
 "L50": {
  "mean": 192.05292626264094,
  "med": 172.54758206838815,
  "p5": -412.6681475052748,
  "medDD": 310.46402458421244,
  "p95DD": 588.7802089658062,
  "trd": 2.8113253968253966,
  "ev_cost": 44.46213281048345,
  "dd_red": 23.80281126534448
 },
 "N6": {
  "mean": 287.0862497153636,
  "med": 291.2395083157507,
  "p5": -437.9404425158244,
  "medDD": 375.30029501054935,
  "p95DD": 767.9161597973813,
  "trd": 4.208230158730158,
  "ev_cost": 16.980395358184253,
  "dd_red": 7.890044750309166
 },
 "N3": {
  "mean": 147.8556101499295,
  "med": 143.42363123681324,
  "p5": -430.52430730265576,
  "medDD": 310.46402458421255,
  "p95DD": 647.028110628956,
  "trd": 2.604563492063492,
  "ev_cost": 57.24311313797943,
  "dd_red": 23.80281126534446
 }
}