{
 "TEST": {
  "none": {
   "mean_pnl": 3310.4117148377886,
   "med_pnl": 3303.9297679021406,
   "p5_pnl": 844.6620997890066,
   "med_dd": 964.0805039763511,
   "p95_dd": 1757.2689587842829,
   "P_dd_gt400": 1.0,
   "trades_day": 50.133775,
   "ev_cost_pct": 1.7763568394002505e-13,
   "dd_red_pct": 0.0
  },
  "L200": {
   "mean_pnl": 1196.0159071421874,
   "med_pnl": 1135.5806688392288,
   "p5_pnl": -1334.9547903081095,
   "med_dd": 1198.440467100038,
   "p95_dd": 2267.748983368495,
   "P_dd_gt400": 0.99975,
   "trades_day": 28.689550000000004,
   "ev_cost_pct": 63.87108280878016,
   "dd_red_pct": -24.309169426937792
  },
  "L150": {
   "mean_pnl": 1019.686400942196,
   "med_pnl": 951.5118821444155,
   "p5_pnl": -1190.9905690501923,
   "med_dd": 1034.9645531447795,
   "p95_dd": 1946.8449342000722,
   "P_dd_gt400": 0.999,
   "trades_day": 25.628925,
   "ev_cost_pct": 69.19759568358828,
   "dd_red_pct": -7.352503123553178
  },
  "L100": {
   "mean_pnl": 940.2789544011504,
   "med_pnl": 860.541787420874,
   "p5_pnl": -911.3060281975319,
   "med_dd": 809.6762581342316,
   "p95_dd": 1482.5172537948392,
   "P_dd_gt400": 0.987,
   "trades_day": 20.060575,
   "ev_cost_pct": 71.59631383049214,
   "dd_red_pct": 16.015700473692707
  },
  "L50": {
   "mean_pnl": 1221.9185862051747,
   "med_pnl": 1153.6902422288163,
   "p5_pnl": -305.78460231320514,
   "med_dd": 523.116172089488,
   "p95_dd": 907.488135213169,
   "P_dd_gt400": 0.8385,
   "trades_day": 14.059149999999999,
   "ev_cost_pct": 63.08862185545259,
   "dd_red_pct": 45.739368244467684
  },
  "N30": {
   "mean_pnl": 1164.6732068828517,
   "med_pnl": 1139.432324660237,
   "p5_pnl": -795.8914049134332,
   "med_dd": 1009.6922581342317,
   "p95_dd": 1888.3098561080421,
   "P_dd_gt400": 0.99925,
   "trades_day": 27.8361625,
   "ev_cost_pct": 64.81787441536048,
   "dd_red_pct": -4.731114670378123
  },
  "N15": {
   "mean_pnl": 749.9094933961114,
   "med_pnl": 733.6059595103626,
   "p5_pnl": -783.0018438159392,
   "med_dd": 796.2123441789753,
   "p95_dd": 1550.6645900210997,
   "P_dd_gt400": 0.97225,
   "trades_day": 15.0,
   "ev_cost_pct": 77.34694177056898,
   "dd_red_pct": 17.41225541902397
  },
  "L150N30": {
   "mean_pnl": 443.1260939370997,
   "med_pnl": 390.45350470243,
   "p5_pnl": -1207.7655488053847,
   "med_dd": 925.3442950105498,
   "p95_dd": 1769.0773398395793,
   "P_dd_gt400": 0.99475,
   "trades_day": 17.6235,
   "ev_cost_pct": 86.61416971336412,
   "dd_red_pct": 4.017943398506018
  }
 },
 "FULL60": {
  "none": {
   "mean_pnl": 1579.9021186366065,
   "med_pnl": 1602.6279884510877,
   "p5_pnl": -2802.6906102488547,
   "med_dd": 2541.0648062135165,
   "p95_dd": 5002.241420818847,
   "P_dd_gt400": 1.0,
   "trades_day": 50.56553278688524,
   "ev_cost_pct": 4.440892098500626e-14,
   "dd_red_pct": 0.0
  },
  "L200": {
   "mean_pnl": 661.8162244171925,
   "med_pnl": 623.039572680637,
   "p5_pnl": -2908.8476775008635,
   "med_dd": 2275.9591221949795,
   "p95_dd": 4290.850104111323,
   "P_dd_gt400": 1.0,
   "trades_day": 30.58927049180328,
   "ev_cost_pct": 58.110302112366696,
   "dd_red_pct": 10.432858043222259
  },
  "L150": {
   "mean_pnl": 231.30037357749796,
   "med_pnl": 244.39444903347672,
   "p5_pnl": -3008.3488503164986,
   "med_dd": 2168.568749818479,
   "p95_dd": 4082.1171381003815,
   "P_dd_gt400": 1.0,
   "trades_day": 26.12382786885246,
   "ev_cost_pct": 85.35982888755785,
   "dd_red_pct": 14.659053774787434
  },
  "L100": {
   "mean_pnl": -418.60804354541125,
   "med_pnl": -462.53709615862147,
   "p5_pnl": -3003.4497772899067,
   "med_dd": 2127.8898315238293,
   "p95_dd": 3794.408346340125,
   "P_dd_gt400": 1.0,
   "trades_day": 19.564454918032787,
   "ev_cost_pct": 126.4958213934578,
   "dd_red_pct": 16.25991488604992
  },
  "L50": {
   "mean_pnl": -671.1022498587898,
   "med_pnl": -773.0686464161668,
   "p5_pnl": -2395.7659913212024,
   "med_dd": 1754.498483005452,
   "p95_dd": 2850.194237163329,
   "P_dd_gt400": 1.0,
   "trades_day": 10.746622950819672,
   "ev_cost_pct": 142.47745742868707,
   "dd_red_pct": 30.954201612045473
  },
  "N30": {
   "mean_pnl": 1221.9512605011853,
   "med_pnl": 1244.7616254623617,
   "p5_pnl": -2043.6939934823442,
   "med_dd": 1789.3830361502426,
   "p95_dd": 3566.704277652958,
   "P_dd_gt400": 1.0,
   "trades_day": 26.168344262295083,
   "ev_cost_pct": 22.656521180205726,
   "dd_red_pct": 29.581369519786772
  },
  "N15": {
   "mean_pnl": 1184.0496707398684,
   "med_pnl": 1184.2500752048202,
   "p5_pnl": -1440.689629784636,
   "med_dd": 1350.6485900211003,
   "p95_dd": 2692.445162684596,
   "P_dd_gt400": 1.0,
   "trades_day": 14.571180327868852,
   "ev_cost_pct": 25.05550459279995,
   "dd_red_pct": 46.84714113868963
  },
  "L150N30": {
   "mean_pnl": 919.9628032736948,
   "med_pnl": 906.2210672521015,
   "p5_pnl": -1760.7659125030818,
   "med_dd": 1502.8567129421617,
   "p95_dd": 2920.5376963106596,
   "P_dd_gt400": 1.0,
   "trades_day": 17.43983606557377,
   "ev_cost_pct": 41.770898815707255,
   "dd_red_pct": 40.85720642514451
  }
 }
}