{
 "TEST_p0.51": {
  "flat50": {
   "tw_p5": 1230.6095958127178,
   "tw_med": 4332.513128712642,
   "tw_p95": 6610.448723073207,
   "dd_med": 0.40856048009566615,
   "dd_p95": 0.9349429401383146,
   "p_below_500": 0.041,
   "p_loss": 0.04533333333333334
  },
  "kelly_q": {
   "tw_p5": 1203.1943968348396,
   "tw_med": 2752.24273737259,
   "tw_p95": 6034.246549765681,
   "dd_med": 0.2781941296456642,
   "dd_p95": 0.4378314138966855,
   "p_below_500": 0.001,
   "p_loss": 0.024333333333333332
  },
  "kelly_h": {
   "tw_p5": 1110.0391393256555,
   "tw_med": 5799.409524650498,
   "tw_p95": 28155.657590201296,
   "dd_med": 0.49755254068661564,
   "dd_p95": 0.7113535669998842,
   "p_below_500": 0.005666666666666667,
   "p_loss": 0.04133333333333333
  },
  "kelly_f": {
   "tw_p5": 410.26435501357633,
   "tw_med": 11509.95489477213,
   "tw_p95": 274992.8486414903,
   "dd_med": 0.7904999683204311,
   "dd_p95": 0.9477215143093589,
   "p_below_500": 0.059333333333333335,
   "p_loss": 0.11766666666666667
  }
 },
 "TRAIN_p0.51": {
  "flat50": {
   "tw_p5": -0.004000000000001336,
   "tw_med": -0.003999999999997783,
   "tw_p95": 2158.8256551120935,
   "dd_med": 1.0000026690302823,
   "dd_p95": 1.0000040000000001,
   "p_below_500": 0.8813333333333333,
   "p_loss": 0.8996666666666666
  },
  "kelly_q": {
   "tw_p5": 114.08334575977449,
   "tw_med": 381.0277843679855,
   "tw_p95": 1251.8717283345165,
   "dd_med": 0.7452193386314034,
   "dd_p95": 0.9110292507755574,
   "p_below_500": 0.651,
   "p_loss": 0.904
  },
  "kelly_h": {
   "tw_p5": 6.168960768731737,
   "tw_med": 82.57951040328062,
   "tw_p95": 916.8914254002505,
   "dd_med": 0.9580332820112969,
   "dd_p95": 0.9961120875612051,
   "p_below_500": 0.8856666666666667,
   "p_loss": 0.9576666666666667
  },
  "kelly_f": {
   "tw_p5": 0.933741268326245,
   "tw_med": 0.9851215407413461,
   "tw_p95": 88.22688066867065,
   "dd_med": 0.9991764692629378,
   "dd_p95": 0.9996958849800996,
   "p_below_500": 0.9853333333333333,
   "p_loss": 0.9926666666666667
  }
 },
 "TEST_p0.53": {
  "flat50": {
   "tw_p5": -0.004000000000001336,
   "tw_med": 2304.689340603627,
   "tw_p95": 4609.475157871999,
   "dd_med": 0.6100756255184049,
   "dd_p95": 1.0000036127954062,
   "p_below_500": 0.20666666666666667,
   "p_loss": 0.24433333333333335
  },
  "kelly_q": {
   "tw_p5": 639.4301390792346,
   "tw_med": 1407.7093521159131,
   "tw_p95": 3064.0198968597233,
   "dd_med": 0.3485544804830264,
   "dd_p95": 0.5710813044578911,
   "p_below_500": 0.015333333333333332,
   "p_loss": 0.24566666666666667
  },
  "kelly_h": {
   "tw_p5": 319.00097044959557,
   "tw_med": 1551.1309868882431,
   "tw_p95": 7336.309741510037,
   "dd_med": 0.603839743319,
   "dd_p95": 0.8424261175349028,
   "p_below_500": 0.122,
   "p_loss": 0.32466666666666666
  },
  "kelly_f": {
   "tw_p5": 35.850557964477545,
   "tw_med": 883.9403263330661,
   "tw_p95": 20160.38204992352,
   "dd_med": 0.8919197779837645,
   "dd_p95": 0.9885128555311367,
   "p_below_500": 0.382,
   "p_loss": 0.526
  }
 },
 "TRAIN_p0.53": {
  "flat50": {
   "tw_p5": -0.004000000000001336,
   "tw_med": -0.0039999999999995595,
   "tw_p95": -0.003999999999997783,
   "dd_med": 1.0000032435839952,
   "dd_p95": 1.0000040000000001,
   "p_below_500": 0.997,
   "p_loss": 0.998
  },
  "kelly_q": {
   "tw_p5": 33.62736853131984,
   "tw_med": 111.00391292297566,
   "tw_p95": 359.2628010227431,
   "dd_med": 0.9093660098070838,
   "dd_p95": 0.9705186800710826,
   "p_below_500": 0.982,
   "p_loss": 0.9986666666666667
  },
  "kelly_h": {
   "tw_p5": 0.9736306977230046,
   "tw_med": 5.887347658945177,
   "tw_p95": 76.77395254926662,
   "dd_med": 0.9957556850615431,
   "dd_p95": 0.9991931390031321,
   "p_below_500": 0.998,
   "p_loss": 0.9993333333333333
  },
  "kelly_f": {
   "tw_p5": 0.9319671198613412,
   "tw_med": 0.9715951526184422,
   "tw_p95": 0.9981419467745908,
   "dd_med": 0.9992108258594022,
   "dd_p95": 0.9996166447264784,
   "p_below_500": 1.0,
   "p_loss": 1.0
  }
 }
}