{
 "design_f_full": 0.06879686438507804,
 "TEST_full_freq": {
  "flat50": {
   "tw_p5": 4303.511968381541,
   "tw_med": 6845.272176170462,
   "tw_p95": 9385.430620245574,
   "tw_mean": 6841.158270057713,
   "dd_med": 0.30440667368824653,
   "dd_p95": 0.6299260557781992,
   "p_below_500": 0.00575,
   "p_loss": 0.00575
  },
  "kelly_q": {
   "tw_p5": 2728.050779531219,
   "tw_med": 6429.302547996023,
   "tw_p95": 15340.200140336048,
   "tw_mean": 7416.678647917719,
   "dd_med": 0.23078256787542165,
   "dd_p95": 0.3556313747375553,
   "p_below_500": 0.0,
   "p_loss": 0.0
  },
  "kelly_h": {
   "tw_p5": 5519.439810616786,
   "tw_med": 30546.79969241708,
   "tw_p95": 173904.96038478691,
   "tw_mean": 53192.4951973374,
   "dd_med": 0.42314225870760974,
   "dd_p95": 0.60350324985349,
   "p_below_500": 0.0,
   "p_loss": 0.00025
  },
  "kelly_f": {
   "tw_p5": 9089.620223048256,
   "tw_med": 278670.9120416514,
   "tw_p95": 8705116.377658453,
   "tw_mean": 2278253.0215699184,
   "dd_med": 0.7020456395693035,
   "dd_p95": 0.8790066401609201,
   "p_below_500": 0.00075,
   "p_loss": 0.00225
  }
 },
 "TRAIN_full_freq": {
  "flat50": {
   "tw_p5": -0.004000000000001336,
   "tw_med": 3531.365845090542,
   "tw_p95": 7476.955334379491,
   "tw_mean": 3323.5506625423945,
   "dd_med": 0.7112305046535173,
   "dd_p95": 1.0000035737198658,
   "p_below_500": 0.275,
   "p_loss": 0.283
  },
  "kelly_q": {
   "tw_p5": 571.1227249168253,
   "tw_med": 1996.5374613542513,
   "tw_p95": 6915.741645848226,
   "tw_mean": 2667.5611814763365,
   "dd_med": 0.48140684320968996,
   "dd_p95": 0.7068313582362249,
   "p_below_500": 0.03425,
   "p_loss": 0.17725
  },
  "kelly_h": {
   "tw_p5": 174.12388204348514,
   "tw_med": 2159.4584839287727,
   "tw_p95": 25660.963153063018,
   "tw_mean": 6797.964136846785,
   "dd_med": 0.7719707701645689,
   "dd_p95": 0.9404598242768799,
   "p_below_500": 0.16575,
   "p_loss": 0.305
  },
  "kelly_f": {
   "tw_p5": 0.9869320381784847,
   "tw_med": 400.48638852718483,
   "tw_p95": 55454.996427136735,
   "tw_mean": 29109.47709334176,
   "dd_med": 0.9800491147937159,
   "dd_p95": 0.9993214160316128,
   "p_below_500": 0.53,
   "p_loss": 0.61575
  }
 },
 "TEST_live_freq": {
  "flat50": {
   "tw_p5": 1747.1350170672652,
   "tw_med": 3258.0536186710633,
   "tw_p95": 4796.237226871844,
   "tw_mean": 3261.395191312625,
   "dd_med": 0.29614808302937456,
   "dd_p95": 0.6399344777232016,
   "p_below_500": 0.00575,
   "p_loss": 0.011
  },
  "kelly_q": {
   "tw_p5": 1232.4597741514851,
   "tw_med": 2051.7026783141214,
   "tw_p95": 3480.269352792176,
   "tw_mean": 2165.950148885872,
   "dd_med": 0.180197440690175,
   "dd_p95": 0.29300308023577903,
   "p_below_500": 0.0,
   "p_loss": 0.01225
  },
  "kelly_h": {
   "tw_p5": 1355.8215018127494,
   "tw_med": 3755.1114701896418,
   "tw_p95": 10804.618903391305,
   "tw_mean": 4637.14592861517,
   "dd_med": 0.3372160507894345,
   "dd_p95": 0.5164044157765912,
   "p_below_500": 0.0015,
   "p_loss": 0.0165
  },
  "kelly_f": {
   "tw_p5": 1163.2545146519335,
   "tw_med": 8907.518278660846,
   "tw_p95": 74709.61117952217,
   "tw_mean": 20477.64778198658,
   "dd_med": 0.5891986048879422,
   "dd_p95": 0.8027009669185522,
   "p_below_500": 0.012,
   "p_loss": 0.04
  }
 }
}