{
 "TRAIN": {
  "all": [
   2648,
   0.5226586102719033
  ],
  "gated": [
   2065,
   0.5181598062953995
  ],
  "ungated_hi_eff": [
   583,
   0.5385934819897084
  ]
 },
 "TEST": {
  "all": [
   1374,
   0.5538573508005823
  ],
  "gated": [
   1018,
   0.56286836935167
  ],
  "ungated_hi_eff": [
   356,
   0.5280898876404494
  ]
 },
 "pm_match": {
  "n": 49,
  "res_agree": 0.9795918367346939,
  "p_side20_sorted": [
   0.365,
   0.465,
   0.465,
   0.475,
   0.475,
   0.485,
   0.485,
   0.485,
   0.495,
   0.495,
   0.495,
   0.495,
   0.505,
   0.505,
   0.505,
   0.505,
   0.505,
   0.505,
   0.505,
   0.515,
   0.515,
   0.515,
   0.525,
   0.525,
   0.525,
   0.525,
   0.525,
   0.535,
   0.535,
   0.535,
   0.535,
   0.535,
   0.535,
   0.535,
   0.545,
   0.555,
   0.555,
   0.565,
   0.565,
   0.565,
   0.565,
   0.565,
   0.565,
   0.565,
   0.565,
   0.595,
   0.595,
   0.605,
   0.605
  ]
 },
 "live_entries": {
  "n": 155,
  "p10": 0.41,
  "p25": 0.47,
  "p50": 0.51,
  "p75": 0.53,
  "p90": 0.55,
  "mean": 0.4917825806451609
 },
 "split_t": 1781956300.0,
 "n_stream": 4022
}