{
 "meta": {
  "n": 17279,
  "split": 11519,
  "th_bps": 12,
  "p_fill": 0.51,
  "qstar": 0.527493
 },
 "uncond_TRAIN": {
  "n": 2649,
  "q": 0.5228388070970177,
  "ci": [
   0.5036440352896049,
   0.5428790199081164
  ],
  "p_vs_50": 0.0195,
  "net_ev": -0.004654192902982322
 },
 "uncond_TEST": {
  "n": 1374,
  "q": 0.5538573508005823,
  "ci": [
   0.5282874617737003,
   0.5793157076205288
  ],
  "p_vs_50": 0.0,
  "net_ev": 0.026364350800582283
 },
 "uncond_ALL": {
  "n": 4023,
  "q": 0.5334327616206811,
  "ci": [
   0.5183568677792041,
   0.5489382474981694
  ],
  "p_vs_50": 0.0,
  "net_ev": 0.005939761620681085
 },
 "session": {
  "Asia": {
   "train_n": 689,
   "train_q": 0.5413642960812772,
   "diff_train": 0.025037765469032358,
   "p_train": 0.228,
   "test_n": 392,
   "test_q": 0.5025510204081632,
   "test_ev": -0.02494197959183677
  },
  "Europe": {
   "train_n": 541,
   "train_q": 0.5175600739371534,
   "diff_train": -0.006633474449943333,
   "p_train": 0.756,
   "test_n": 257,
   "test_q": 0.5914396887159533,
   "test_ev": 0.0639466887159533
  },
  "US": {
   "train_n": 1102,
   "train_q": 0.5117967332123412,
   "diff_train": -0.018907856315777738,
   "p_train": 0.3526666666666667,
   "test_n": 577,
   "test_q": 0.5667244367417678,
   "test_ev": 0.039231436741767746
  },
  "Late": {
   "train_n": 317,
   "train_q": 0.5299684542586751,
   "diff_train": 0.008098814464506998,
   "p_train": 0.818,
   "test_n": 148,
   "test_q": 0.5743243243243243,
   "test_ev": 0.04683132432432433
  }
 },
 "wk": {
  "weekday": {
   "train_n": 2234,
   "train_q": 0.5223813786929274,
   "diff_train": -0.002919826126349667,
   "p_train": 0.9186666666666666,
   "test_n": 1167,
   "test_q": 0.5458440445586975,
   "test_ev": 0.018351044558697495
  },
  "weekend": {
   "train_n": 415,
   "train_q": 0.5253012048192771,
   "diff_train": 0.002919826126349667,
   "p_train": 0.8926666666666667,
   "test_n": 207,
   "test_q": 0.5990338164251208,
   "test_ev": 0.07154081642512075
  }
 },
 "hour": {
  "0": {
   "train_n": 95,
   "train_q": 0.5894736842105263,
   "test_n": 61,
   "test_q": 0.5901639344262295
  },
  "1": {
   "train_n": 127,
   "train_q": 0.5275590551181102,
   "test_n": 81,
   "test_q": 0.49382716049382713
  },
  "2": {
   "train_n": 108,
   "train_q": 0.46296296296296297,
   "test_n": 62,
   "test_q": 0.41935483870967744
  },
  "3": {
   "train_n": 80,
   "train_q": 0.5625,
   "test_n": 52,
   "test_q": 0.38461538461538464
  },
  "4": {
   "train_n": 107,
   "train_q": 0.4953271028037383,
   "test_n": 48,
   "test_q": 0.6041666666666666
  },
  "5": {
   "train_n": 86,
   "train_q": 0.5581395348837209,
   "test_n": 47,
   "test_q": 0.5106382978723404
  },
  "6": {
   "train_n": 86,
   "train_q": 0.627906976744186,
   "test_n": 41,
   "test_q": 0.5365853658536586
  },
  "7": {
   "train_n": 87,
   "train_q": 0.4942528735632184,
   "test_n": 33,
   "test_q": 0.6666666666666666
  },
  "8": {
   "train_n": 88,
   "train_q": 0.5227272727272727,
   "test_n": 47,
   "test_q": 0.5319148936170213
  },
  "9": {
   "train_n": 88,
   "train_q": 0.5681818181818182,
   "test_n": 36,
   "test_q": 0.6666666666666666
  },
  "10": {
   "train_n": 75,
   "train_q": 0.52,
   "test_n": 25,
   "test_q": 0.52
  },
  "11": {
   "train_n": 69,
   "train_q": 0.5652173913043478,
   "test_n": 45,
   "test_q": 0.6666666666666666
  },
  "12": {
   "train_n": 134,
   "train_q": 0.4701492537313433,
   "test_n": 71,
   "test_q": 0.5352112676056338
  },
  "13": {
   "train_n": 150,
   "train_q": 0.4533333333333333,
   "test_n": 89,
   "test_q": 0.4943820224719101
  },
  "14": {
   "train_n": 187,
   "train_q": 0.49732620320855614,
   "test_n": 101,
   "test_q": 0.5742574257425742
  },
  "15": {
   "train_n": 171,
   "train_q": 0.5321637426900585,
   "test_n": 98,
   "test_q": 0.5816326530612245
  },
  "16": {
   "train_n": 158,
   "train_q": 0.569620253164557,
   "test_n": 74,
   "test_q": 0.6081081081081081
  },
  "17": {
   "train_n": 132,
   "train_q": 0.5,
   "test_n": 64,
   "test_q": 0.5625
  },
  "18": {
   "train_n": 111,
   "train_q": 0.5225225225225225,
   "test_n": 57,
   "test_q": 0.6140350877192983
  },
  "19": {
   "train_n": 106,
   "train_q": 0.49056603773584906,
   "test_n": 42,
   "test_q": 0.4523809523809524
  },
  "20": {
   "train_n": 87,
   "train_q": 0.5287356321839081,
   "test_n": 52,
   "test_q": 0.6346153846153846
  },
  "21": {
   "train_n": 95,
   "train_q": 0.5473684210526316,
   "test_n": 50,
   "test_q": 0.56
  },
  "22": {
   "train_n": 119,
   "train_q": 0.5462184873949579,
   "test_n": 52,
   "test_q": 0.6346153846153846
  },
  "23": {
   "train_n": 103,
   "train_q": 0.49514563106796117,
   "test_n": 46,
   "test_q": 0.5217391304347826
  }
 },
 "hour_rule": {
  "selected": [
   0,
   1,
   3,
   5,
   6,
   9,
   11,
   15,
   16,
   20,
   21,
   22
  ],
  "test_n": 689,
  "test_q": 0.5689404934687954,
  "test_ev": 0.04144749346879537
 },
 "session_rule": {
  "selected": [
   "Asia",
   "Late"
  ],
  "test_n": 540,
  "test_q": 0.5222222222222223,
  "test_ev": -0.005270777777777756
 }
}