{
 "uncond_TRAIN": {
  "n": 705,
  "q": 0.6567375886524822
 },
 "uncond_TEST": {
  "n": 340,
  "q": 0.6205882352941177
 },
 "uncond_ALL": {
  "n": 1045,
  "q": 0.6449760765550239
 },
 "session": {
  "Asia": {
   "train_n": 212,
   "train_q": 0.6273584905660378,
   "p_train": 0.30733333333333335,
   "test_n": 108,
   "test_q": 0.6574074074074074
  },
  "Europe": {
   "train_n": 175,
   "train_q": 0.68,
   "p_train": 0.49533333333333335,
   "test_n": 97,
   "test_q": 0.5773195876288659
  },
  "US": {
   "train_n": 235,
   "train_q": 0.6553191489361702,
   "p_train": 0.9,
   "test_n": 91,
   "test_q": 0.6703296703296703
  },
  "Late": {
   "train_n": 83,
   "train_q": 0.6867469879518072,
   "p_train": 0.49733333333333335,
   "test_n": 44,
   "test_q": 0.5227272727272727
  }
 },
 "pm_join": {
  "n": 55,
  "fill_med": 0.655,
  "fill_mean": 0.6531818181818184,
  "win": 0.7454545454545455,
  "ev": 0.0766619954545454,
  "qstar_med": 0.6708182500000001
 }
}