{
 "hour_vol": {
  "0": [
   5.397862527916115,
   5.950749531163639
  ],
  "1": [
   6.566970523177264,
   8.129853076259266
  ],
  "2": [
   5.928804577729639,
   6.909362682618622
  ],
  "3": [
   4.495404077570881,
   6.386324801903978
  ],
  "4": [
   4.583131388971217,
   6.0020945698116765
  ],
  "5": [
   4.975051922064988,
   5.984850925848908
  ],
  "6": [
   5.175087204844267,
   5.266569642059865
  ],
  "7": [
   5.024659944082864,
   5.298573538933619
  ],
  "8": [
   4.949369060806745,
   5.518150015435941
  ],
  "9": [
   4.6780780875112375,
   5.479279011524006
  ],
  "10": [
   4.95523253129306,
   4.137941379748964
  ],
  "11": [
   4.719608801801964,
   5.417221060634399
  ],
  "12": [
   6.135578466132436,
   6.133945623806651
  ],
  "13": [
   7.101093252975759,
   9.128995810460655
  ],
  "14": [
   8.999001474193916,
   8.673383693488436
  ],
  "15": [
   8.32210978511353,
   9.757704468829242
  ],
  "16": [
   8.016310895850578,
   7.659178287719522
  ],
  "17": [
   6.946667901871733,
   6.95479624041566
  ],
  "18": [
   5.977550484552011,
   5.330914752136975
  ],
  "19": [
   5.550416281220736,
   5.558270207183977
  ],
  "20": [
   4.656700539470367,
   4.981307299189879
  ],
  "21": [
   4.664375199802868,
   5.496084000137083
  ],
  "22": [
   6.180411276713233,
   5.786207857161722
  ],
  "23": [
   5.055488870039498,
   5.529695093717352
  ]
 },
 "sess_med": {
  "Asia": 5.175914701432442,
  "Europe": 5.027489554860515,
  "US": 6.835054179729447,
  "Late": 5.200224131769384
 },
 "fixed": {
  "train": [
   2379,
   0.5153425809163514,
   -0.012150419083648556
  ],
  "test": [
   1374,
   0.5538573508005823,
   0.026364350800582304
  ]
 },
 "sweep": {
  "0.8": [
   5530,
   0.5079566003616637,
   -0.01953639963833631
  ],
  "1.0": [
   4792,
   0.5054257095158597,
   -0.022067290484140245
  ],
  "1.2": [
   4201,
   0.5082123303975244,
   -0.019280669602475542
  ],
  "1.4": [
   3652,
   0.5054764512595837,
   -0.022016548740416253
  ],
  "1.6": [
   3194,
   0.5084533500313086,
   -0.01903964996869134
  ],
  "1.8": [
   2796,
   0.5139484978540773,
   -0.013544502145922732
  ],
  "2.0": [
   2436,
   0.5151888341543513,
   -0.01230416584564864
  ],
  "2.2": [
   2125,
   0.5129411764705882,
   -0.014551823529411756
  ],
  "2.4": [
   1864,
   0.5166309012875536,
   -0.010862098712446366
  ],
  "2.6": [
   1666,
   0.5204081632653061,
   -0.0070848367346938446
  ],
  "2.8": [
   1478,
   0.5223274695534507,
   -0.005165530446549327
  ],
  "3.0": [
   1291,
   0.5197521301316809,
   -0.007740869868319122
  ],
  "3.2": [
   1143,
   0.5196850393700787,
   -0.0078079606299212845
  ],
  "3.4": [
   1019,
   0.5181550539744848,
   -0.009337946025515187
  ],
  "3.6": [
   913,
   0.5169769989047097,
   -0.010516001095290273
  ],
  "3.8": [
   806,
   0.5186104218362283,
   -0.008882578163771693
  ],
  "4.0": [
   718,
   0.5083565459610028,
   -0.01913645403899722
  ]
 },
 "k_best": 2.8,
 "k_matched": 2.0,
 "test_k_bestEV": {
  "k": 2.8,
  "n": 781,
  "q": 0.5454545454545454,
  "ev": 0.017961545454545425
 },
 "test_k_matched": {
  "k": 2.0,
  "n": 1388,
  "q": 0.5381844380403458,
  "ev": 0.01069143804034578
 },
 "test_diff_matched": {
  "obs": -0.015672912760236524,
  "p": 0.008666666666666666
 }
}