{
 "gated_uncond": {
  "train_n": 2065,
  "train_q": 0.5181598062953995,
  "test_n": 1018,
  "test_q": 0.56286836935167,
  "train_ev": -0.009333193704600506,
  "test_ev": 0.03537536935166996
 },
 "session": {
  "Asia": {
   "train_n": 535,
   "train_q": 0.5308411214953271,
   "p_train": 0.44733333333333336,
   "test_n": 288,
   "test_q": 0.5138888888888888
  },
  "Europe": {
   "train_n": 422,
   "train_q": 0.509478672985782,
   "p_train": 0.7046666666666667,
   "test_n": 174,
   "test_q": 0.6091954022988506
  },
  "US": {
   "train_n": 872,
   "train_q": 0.5068807339449541,
   "p_train": 0.38466666666666666,
   "test_n": 446,
   "test_q": 0.5739910313901345
  },
  "Late": {
   "train_n": 236,
   "train_q": 0.5466101694915254,
   "p_train": 0.36533333333333334,
   "test_n": 110,
   "test_q": 0.5727272727272728
  }
 },
 "hourvol_corr": 0.8339092764041158
}