{
 "per_window": [
  {
   "trade_window_start_day": 10.0,
   "chosen_thr": 10,
   "cal_best_pnl": 19.02144100000001,
   "abstained": false,
   "wf": {
    "n": 530,
    "q": 0.49433962264150944,
    "pnl": -17.57128999999999,
    "per_trade": -0.03315337735849055
   },
   "fx12": {
    "n": 396,
    "q": 0.4772727272727273,
    "pnl": -19.887227999999993,
    "per_trade": -0.05022027272727271
   },
   "cal_table": {
    "6": [
     1113,
     0.5292003593890386,
     1.9002909999999815
    ],
    "8": [
     791,
     0.5410872313527181,
     10.753037000000006
    ],
    "10": [
     563,
     0.5612788632326821,
     19.02144100000001
    ],
    "12": [
     404,
     0.5717821782178217,
     17.89282800000001
    ],
    "14": [
     301,
     0.5481727574750831,
     6.224607000000006
    ],
    "16": [
     214,
     0.5420560747663551,
     3.116498
    ],
    "20": [
     124,
     0.5806451612903226,
     6.590868000000004
    ],
    "25": [
     73,
     0.5753424657534246,
     3.493010999999999
    ]
   }
  },
  {
   "trade_window_start_day": 20.0,
   "chosen_thr": 25,
   "cal_best_pnl": -9.979496000000001,
   "abstained": true,
   "wf": {
    "n": 426,
    "q": 0.5023474178403756,
    "pnl": -10.712017999999986,
    "per_trade": -0.02514558215962438
   },
   "fx12": {
    "n": 1224,
    "q": 0.5065359477124183,
    "pnl": -25.651432,
    "per_trade": -0.0209570522875817
   },
   "cal_table": {
    "6": [
     1060,
     0.5103773584905661,
     -18.14257999999998
    ],
    "8": [
     760,
     0.5118421052631579,
     -11.894679999999994
    ],
    "10": [
     530,
     0.49433962264150944,
     -17.57128999999999
    ],
    "12": [
     396,
     0.4772727272727273,
     -19.887227999999993
    ],
    "14": [
     284,
     0.4753521126760563,
     -14.808011999999998
    ],
    "16": [
     202,
     0.43564356435643564,
     -18.553586000000003
    ],
    "20": [
     123,
     0.43902439024390244,
     -10.881638999999996
    ],
    "25": [
     72,
     0.3888888888888889,
     -9.979496000000001
    ]
   }
  },
  {
   "trade_window_start_day": 30.0,
   "chosen_thr": 25,
   "cal_best_pnl": -10.712017999999986,
   "abstained": true,
   "wf": {
    "n": 144,
    "q": 0.5625,
    "pnl": 5.041007999999998,
    "per_trade": 0.03500699999999998
   },
   "fx12": {
    "n": 625,
    "q": 0.552,
    "pnl": 15.31687500000001,
    "per_trade": 0.024507000000000015
   },
   "cal_table": {
    "6": [
     1941,
     0.5110767645543535,
     -31.863912999999968
    ],
    "8": [
     1682,
     0.5053507728894173,
     -37.24322599999999
    ],
    "10": [
     1438,
     0.5083449235048678,
     -27.534933999999964
    ],
    "12": [
     1224,
     0.5065359477124183,
     -25.651432
    ],
    "14": [
     1049,
     0.5109628217349858,
     -17.340156999999977
    ],
    "16": [
     891,
     0.510662177328844,
     -14.99626299999997
    ],
    "20": [
     631,
     0.4928684627575277,
     -21.848082999999974
    ],
    "25": [
     426,
     0.5023474178403756,
     -10.712017999999986
    ]
   }
  },
  {
   "trade_window_start_day": 40.0,
   "chosen_thr": 16,
   "cal_best_pnl": 22.662632000000002,
   "abstained": false,
   "wf": {
    "n": 469,
    "q": 0.5287846481876333,
    "pnl": 0.6057830000000024,
    "per_trade": 0.0012916481876332675
   },
   "fx12": {
    "n": 702,
    "q": 0.5299145299145299,
    "pnl": 1.6999140000000068,
    "per_trade": 0.0024215299145299244
   },
   "cal_table": {
    "6": [
     1404,
     0.5277777777777778,
     0.3998280000000136
    ],
    "8": [
     1073,
     0.5284249767008388,
     1.000011000000029
    ],
    "10": [
     824,
     0.5436893203883495,
     13.345767999999993
    ],
    "12": [
     625,
     0.552,
     15.31687500000001
    ],
    "14": [
     467,
     0.569593147751606,
     19.660769000000002
    ],
    "16": [
     376,
     0.5877659574468085,
     22.662632000000002
    ],
    "20": [
     257,
     0.5875486381322957,
     15.434299000000003
    ],
    "25": [
     144,
     0.5625,
     5.041007999999998
    ]
   }
  },
  {
   "trade_window_start_day": 50.0,
   "chosen_thr": 20,
   "cal_best_pnl": 7.037282000000005,
   "abstained": false,
   "wf": {
    "n": 253,
    "q": 0.5849802371541502,
    "pnl": 14.544271000000009,
    "per_trade": 0.05748723715415023
   },
   "fx12": {
    "n": 672,
    "q": 0.5788690476190477,
    "pnl": 34.524704000000014,
    "per_trade": 0.05137604761904764
   },
   "cal_table": {
    "6": [
     1429,
     0.5171448565430371,
     -14.787496999999973
    ],
    "8": [
     1135,
     0.5180616740088105,
     -10.704555000000028
    ],
    "10": [
     898,
     0.5233853006681515,
     -3.688713999999976
    ],
    "12": [
     702,
     0.5299145299145299,
     1.6999140000000068
    ],
    "14": [
     568,
     0.5299295774647887,
     1.3839759999999899
    ],
    "16": [
     469,
     0.5287846481876333,
     0.6057830000000024
    ],
    "20": [
     326,
     0.549079754601227,
     7.037282000000005
    ],
    "25": [
     211,
     0.5592417061611374,
     6.698976999999999
    ]
   }
  }
 ],
 "P": 0.51,
 "totals": {
  "wf": {
   "n": 1822,
   "pnl": -8.092245999999967
  },
  "wf_abst": {
   "n": 1252,
   "pnl": -2.421235999999979
  },
  "fx12": {
   "n": 3619,
   "pnl": 6.002833000000038
  }
 },
 "test_totals": {
  "wf": {
   "n": 722,
   "pnl": 15.150054000000011
  },
  "wf_abst": {
   "n": 722,
   "pnl": 15.150054000000011
  },
  "fx12": {
   "n": 1374,
   "pnl": 36.22461800000002
  }
 }
}