{
 "validation": {
  "p60": {
   "n": 216,
   "bias": -0.0038808698703986177,
   "rmse": 0.06041907994127419
  },
  "p150": {
   "n": 216,
   "bias": 0.008293126450264763,
   "rmse": 0.10311440816562487
  }
 },
 "entry": 0.51,
 "exit_hold": {
  "n": 955,
  "mean": 0.04632898952879582,
  "sd": 0.49452028660309816
 },
 "exit_+2min": {
  "n": 955,
  "mean": -0.03199552796649014,
  "sd": 0.26563084241054674
 },
 "exit_+3min": {
  "n": 955,
  "mean": -0.015622045886468086,
  "sd": 0.30940899231202584
 },
 "exit_+4min": {
  "n": 955,
  "mean": 0.009409474713739995,
  "sd": 0.36272194349439757
 },
 "pm_check": {
  "n": 49,
  "hold": 0.003119244897959194,
  "sell_p150": -0.08518855102040815
 },
 "cap_conditional_p20": {
  "0.51": {
   "n": 19,
   "ev": -0.03874551315789474
  },
  "0.53": {
   "n": 27,
   "ev": -0.07872610185185186
  },
  "0.55": {
   "n": 35,
   "ev": -0.07526859285714285
  },
  "0.58": {
   "n": 45,
   "ev": -0.011903538888888881
  }
 }
}