{
 "uncond_[0,2)": {
  "train": 0.4879356568364611,
  "n_train": 1865,
  "p_train": 0.307,
  "test": 0.513189448441247,
  "n_test": 834
 },
 "uncond_[2,6)": {
  "train": 0.5199258572752549,
  "n_train": 3237,
  "p_train": 0.0235,
  "test": 0.49619771863117873,
  "n_test": 1578
 },
 "uncond_[6,12)": {
  "train": 0.4902095499828238,
  "n_train": 2911,
  "p_train": 0.2995,
  "test": 0.4697272122421823,
  "n_test": 1503
 },
 "uncond_[12,25)": {
  "train": 0.49004329004329006,
  "n_train": 2310,
  "p_train": 0.3385,
  "test": 0.4665090622537431,
  "n_test": 1269
 },
 "uncond_[25,inf)": {
  "train": 0.47725321888412015,
  "n_train": 1165,
  "p_train": 0.1495,
  "test": 0.44244604316546765,
  "n_test": 556
 },
 "uncond_[0,inf)": {
  "train": 0.49686629526462395,
  "n_train": 11488,
  "p_train": 0.516,
  "test": 0.4799651567944251,
  "n_test": 5740
 },
 "cond_eth8_btc6": {
  "train": 0.5082125603864734,
  "n_train": 1035,
  "p_train": 0.6405,
  "test": 0.47160068846815834,
  "n_test": 581
 },
 "cond_eth12_btc6": {
  "train": 0.5195530726256983,
  "n_train": 358,
  "p_train": 0.5075,
  "test": 0.46632124352331605,
  "n_test": 193
 },
 "cond_eth16_btc6": {
  "train": 0.48905109489051096,
  "n_train": 137,
  "p_train": 0.812,
  "test": 0.4,
  "n_test": 70
 },
 "cond_eth20_btc6": {
  "train": 0.4262295081967213,
  "n_train": 61,
  "p_train": 0.27,
  "test": 0.41379310344827586,
  "n_test": 29
 },
 "resid_[4,8)": {
  "train": 0.5155405405405405,
  "n_train": 2960,
  "p_train": 0.093,
  "test": 0.512119328775637,
  "n_test": 1609
 },
 "resid_[8,15)": {
  "train": 0.513049013367282,
  "n_train": 1571,
  "p_train": 0.349,
  "test": 0.46878547105561863,
  "n_test": 881
 },
 "resid_[15,inf)": {
  "train": 0.4735973597359736,
  "n_train": 606,
  "p_train": 0.196,
  "test": 0.4965986394557823,
  "n_test": 294
 }
}