{
 "ge1": {
  "n": 164,
  "hold": 0.5182926829268293,
  "med_cost": 0.505,
  "fill": 0.515,
  "qstar": 0.53248425,
  "ev": -0.014191567073170732
 },
 "ge2": {
  "n": 119,
  "hold": 0.5462184873949579,
  "med_cost": 0.495,
  "fill": 0.505,
  "qstar": 0.52249825,
  "ev": 0.023720237394957922
 },
 "ge4": {
  "n": 73,
  "hold": 0.5616438356164384,
  "med_cost": 0.485,
  "fill": 0.495,
  "qstar": 0.51249825,
  "ev": 0.049145585616438385
 }
}