{
 "follow_[0.5,1)": {
  "train": 0.5045592705167173,
  "n_train": 329,
  "p_train": 0.924,
  "test": 0.4782608695652174,
  "n_test": 138
 },
 "follow_[1,2)": {
  "train": 0.5200892857142857,
  "n_train": 448,
  "p_train": 0.4255,
  "test": 0.492,
  "n_test": 250
 },
 "follow_[2,4)": {
  "train": 0.4635854341736695,
  "n_train": 714,
  "p_train": 0.025,
  "test": 0.504424778761062,
  "n_test": 339
 },
 "follow_[4,8)": {
  "train": 0.47783251231527096,
  "n_train": 609,
  "p_train": 0.298,
  "test": 0.5631067961165048,
  "n_test": 309
 },
 "follow_[8,inf)": {
  "train": 0.47470817120622566,
  "n_train": 257,
  "p_train": 0.3955,
  "test": 0.525974025974026,
  "n_test": 154
 },
 "follow_[2,inf)": {
  "train": 0.4708860759493671,
  "n_train": 1580,
  "p_train": 0.0195,
  "test": 0.5311720698254364,
  "n_test": 802
 },
 "follow_[4,inf)": {
  "train": 0.476905311778291,
  "n_train": 866,
  "p_train": 0.1575,
  "test": 0.550755939524838,
  "n_test": 463
 },
 "follow_[0,inf)": {
  "train": 0.48710280373831777,
  "n_train": 2675,
  "p_train": 0.1715,
  "test": 0.5127055306427504,
  "n_test": 1338
 },
 "look120_ge2": {
  "train": 0.4703965236284628,
  "n_train": 1841,
  "p_train": 0.005,
  "test": 0.5175257731958763,
  "n_test": 970
 },
 "look180_ge2": {
  "train": 0.4551792828685259,
  "n_train": 2008,
  "p_train": 0.0,
  "test": 0.5075757575757576,
  "n_test": 1056
 }
}