{
 "conv_ge0.5": {
  "train": 0.5100459242250287,
  "n_train": 6968,
  "p_train": 0.0805,
  "test": 0.4933894230769231,
  "n_test": 3328
 },
 "conv_ge1": {
  "train": 0.5119907541173071,
  "n_train": 3461,
  "p_train": 0.16,
  "test": 0.48863636363636365,
  "n_test": 1496
 },
 "conv_ge1.5": {
  "train": 0.5063113604488079,
  "n_train": 1426,
  "p_train": 0.6285,
  "test": 0.5044563279857398,
  "n_test": 561
 },
 "conv_ge2": {
  "train": 0.5042735042735043,
  "n_train": 468,
  "p_train": 0.8535,
  "test": 0.52,
  "n_test": 200
 },
 "conv_ge3": {
  "train": 0.5303030303030303,
  "n_train": 66,
  "p_train": 0.6685,
  "test": 0.7419354838709677,
  "n_test": 31
 },
 "raw_cb_ge12": {
  "train": 0.47716119290298226,
  "n_train": 2649,
  "p_train": 0.019,
  "test": 0.44614264919941776,
  "n_test": 1374
 },
 "raw_bn_ge12": {
  "train": 0.472535741158766,
  "n_train": 2658,
  "p_train": 0.0065,
  "test": 0.44931703810208484,
  "n_test": 1391
 },
 "inter_div_opposes_prior": {
  "train": 0.5021994134897361,
  "n_train": 1364,
  "p_train": 0.902,
  "test": 0.5615835777126099,
  "n_test": 682
 },
 "inter_div_confirms_prior": {
  "train": 0.5447470817120622,
  "n_train": 1285,
  "p_train": 0.0005,
  "test": 0.546242774566474,
  "n_test": 692
 }
}