{
 "lambda_sweep": [
  [
   0.8,
   -12.458015834686687,
   11470,
   -12.279077007594946,
   5760
  ],
  [
   0.85,
   -12.51342049587863,
   11470,
   -12.349535779287844,
   5760
  ],
  [
   0.9,
   -12.556979935088082,
   11470,
   -12.401435207511067,
   5760
  ],
  [
   0.92,
   -12.569994238985439,
   11470,
   -12.41455127379381,
   5760
  ],
  [
   0.94,
   -12.57754842758845,
   11470,
   -12.421278636298661,
   5760
  ],
  [
   0.95,
   -12.577624767093603,
   11470,
   -12.421095943713585,
   5760
  ],
  [
   0.96,
   -12.5737096041596,
   11470,
   -12.417287100219804,
   5760
  ],
  [
   0.97,
   -12.563809567494308,
   11470,
   -12.407988356871419,
   5760
  ],
  [
   0.98,
   -12.54396855568513,
   11470,
   -12.389342520870239,
   5760
  ],
  [
   0.99,
   -12.504401207448002,
   11470,
   -12.352715857980527,
   5760
  ]
 ],
 "lambda": 0.95,
 "kappa_sweep": [
  [
   0.7,
   0.5950300401847586
  ],
  [
   0.8,
   0.5910563018467437
  ],
  [
   0.9,
   0.5902488764223429
  ],
  [
   1.0,
   0.5911902560072768
  ],
  [
   1.1,
   0.5931046234016831
  ],
  [
   1.2,
   0.595548200445387
  ],
  [
   1.3,
   0.5982592120714573
  ],
  [
   1.4,
   0.6010802157102139
  ],
  [
   1.5,
   0.6039156988684653
  ],
  [
   1.6,
   0.6067079106581791
  ],
  [
   1.8,
   0.612040309637124
  ],
  [
   2.0,
   0.6169508434324967
  ]
 ],
 "kappa": 0.9,
 "ov_cut": 1783281360,
 "calib_train": {
  "20": {
   "n": 2687,
   "brier_fv": 0.2287421415163012,
   "brier_05": 0.25,
   "base": 0.5083736509117975,
   "table": [
    [
     0,
     0.3,
     37,
     0.25978007287614396,
     0.08108108108108109
    ],
    [
     0.3,
     0.4,
     173,
     0.36482193679012587,
     0.21965317919075145
    ],
    [
     0.4,
     0.45,
     375,
     0.42783772154046046,
     0.2773333333333333
    ],
    [
     0.45,
     0.55,
     1573,
     0.5002521355370682,
     0.5162110616656072
    ],
    [
     0.55,
     0.6,
     356,
     0.5704993866142445,
     0.7331460674157303
    ],
    [
     0.6,
     0.7,
     140,
     0.6323480193372962,
     0.85
    ],
    [
     0.7,
     1.01,
     33,
     0.757067114301192,
     0.8787878787878788
    ]
   ]
  },
  "60": {
   "n": 2687,
   "brier_fv": 0.21553319258623369,
   "brier_05": 0.25,
   "base": 0.5083736509117975,
   "table": [
    [
     0,
     0.3,
     448,
     0.19070339443181097,
     0.24330357142857142
    ],
    [
     0.3,
     0.4,
     374,
     0.35184929885972493,
     0.33689839572192515
    ],
    [
     0.4,
     0.45,
     234,
     0.4255804099929527,
     0.44871794871794873
    ],
    [
     0.45,
     0.55,
     599,
     0.499418472517853,
     0.4958263772954925
    ],
    [
     0.55,
     0.6,
     272,
     0.5747639855635807,
     0.6029411764705882
    ],
    [
     0.6,
     0.7,
     370,
     0.6461236174337495,
     0.7
    ],
    [
     0.7,
     1.01,
     390,
     0.8038906226401465,
     0.7846153846153846
    ]
   ]
  },
  "150": {
   "n": 2687,
   "brier_fv": 0.16348442154317896,
   "brier_05": 0.25,
   "base": 0.5083736509117975,
   "table": [
    [
     0,
     0.3,
     764,
     0.14228412895037706,
     0.13481675392670156
    ],
    [
     0.3,
     0.4,
     287,
     0.3520278228802952,
     0.32752613240418116
    ],
    [
     0.4,
     0.45,
     152,
     0.42593374303153114,
     0.4934210526315789
    ],
    [
     0.45,
     0.55,
     290,
     0.4982855104996779,
     0.4689655172413793
    ],
    [
     0.55,
     0.6,
     146,
     0.5752535742040108,
     0.6712328767123288
    ],
    [
     0.6,
     0.7,
     295,
     0.6507931179404737,
     0.6847457627118644
    ],
    [
     0.7,
     1.01,
     753,
     0.8542503071725867,
     0.8738379814077025
    ]
   ]
  }
 },
 "calib_test": {
  "20": {
   "n": 1343,
   "brier_fv": 0.2313693017934788,
   "brier_05": 0.25,
   "base": 0.4951600893521966,
   "table": [
    [
     0,
     0.3,
     12,
     0.24681185907545744,
     0.0
    ],
    [
     0.3,
     0.4,
     69,
     0.3636572492329208,
     0.2753623188405797
    ],
    [
     0.4,
     0.45,
     202,
     0.42938697278202254,
     0.26732673267326734
    ],
    [
     0.45,
     0.55,
     820,
     0.4991955250980575,
     0.49878048780487805
    ],
    [
     0.55,
     0.6,
     156,
     0.5689403632170674,
     0.7115384615384616
    ],
    [
     0.6,
     0.7,
     74,
     0.6318536116831177,
     0.8513513513513513
    ],
    [
     0.7,
     1.01,
     10,
     0.7577532470881472,
     0.9
    ]
   ]
  },
  "60": {
   "n": 1343,
   "brier_fv": 0.22043665779798918,
   "brier_05": 0.25,
   "base": 0.4951600893521966,
   "table": [
    [
     0,
     0.3,
     200,
     0.19978523838371476,
     0.215
    ],
    [
     0.3,
     0.4,
     210,
     0.3528923380307265,
     0.37142857142857144
    ],
    [
     0.4,
     0.45,
     143,
     0.4236166083944143,
     0.4125874125874126
    ],
    [
     0.45,
     0.55,
     300,
     0.5018898094161797,
     0.51
    ],
    [
     0.55,
     0.6,
     139,
     0.5730091386561752,
     0.5611510791366906
    ],
    [
     0.6,
     0.7,
     174,
     0.6447704850529938,
     0.6436781609195402
    ],
    [
     0.7,
     1.01,
     177,
     0.8013713082913682,
     0.8022598870056498
    ]
   ]
  },
  "150": {
   "n": 1343,
   "brier_fv": 0.15669941693098524,
   "brier_05": 0.25,
   "base": 0.4951600893521966,
   "table": [
    [
     0,
     0.3,
     382,
     0.1555570159776405,
     0.12303664921465969
    ],
    [
     0.3,
     0.4,
     158,
     0.35224609434512794,
     0.2974683544303797
    ],
    [
     0.4,
     0.45,
     76,
     0.4255720179870586,
     0.3684210526315789
    ],
    [
     0.45,
     0.55,
     160,
     0.5051250959262982,
     0.5125
    ],
    [
     0.55,
     0.6,
     87,
     0.5761572541673882,
     0.632183908045977
    ],
    [
     0.6,
     0.7,
     132,
     0.6475648429083382,
     0.7272727272727273
    ],
    [
     0.7,
     1.01,
     348,
     0.8470009595025498,
     0.8908045977011494
    ]
   ]
  }
 },
 "calib_test_kappa1": {
  "20": {
   "n": 1343,
   "brier_fv": 0.2327423253391713,
   "brier_05": 0.25,
   "base": 0.4951600893521966,
   "table": [
    [
     0,
     0.3,
     8,
     0.24807623343155094,
     0.0
    ],
    [
     0.3,
     0.4,
     61,
     0.3667873224816895,
     0.29508196721311475
    ],
    [
     0.4,
     0.45,
     175,
     0.4306291548600517,
     0.2571428571428571
    ],
    [
     0.45,
     0.55,
     896,
     0.49922014066630716,
     0.4955357142857143
    ],
    [
     0.55,
     0.6,
     140,
     0.5709628316965691,
     0.7357142857142858
    ],
    [
     0.6,
     0.7,
     55,
     0.6307141196619938,
     0.8727272727272727
    ],
    [
     0.7,
     1.01,
     8,
     0.7490930919046608,
     0.875
    ]
   ]
  },
  "60": {
   "n": 1343,
   "brier_fv": 0.22032887807818083,
   "brier_05": 0.25,
   "base": 0.4951600893521966,
   "table": [
    [
     0,
     0.3,
     172,
     0.2072588948025985,
     0.21511627906976744
    ],
    [
     0.3,
     0.4,
     210,
     0.35422724344598594,
     0.35714285714285715
    ],
    [
     0.4,
     0.45,
     159,
     0.4250304494087817,
     0.4088050314465409
    ],
    [
     0.45,
     0.55,
     330,
     0.5023754639740704,
     0.503030303030303
    ],
    [
     0.55,
     0.6,
     145,
     0.5728082768859415,
     0.5586206896551724
    ],
    [
     0.6,
     0.7,
     182,
     0.6459461453609833,
     0.6813186813186813
    ],
    [
     0.7,
     1.01,
     145,
     0.7995119137974407,
     0.8068965517241379
    ]
   ]
  },
  "150": {
   "n": 1343,
   "brier_fv": 0.15849548672956115,
   "brier_05": 0.25,
   "base": 0.4951600893521966,